{
    "marParticle": {
        "ParticleData": {
            "Color": {
                "End": [
                    1.0,
                    1.0,
                    1.0,
                    1.0
                ],
                "Start": [
                    1.0,
                    1.0,
                    1.0,
                    1.0
                ]
            },
            "Instance": 32,
            "IsLoop": false,
            "LifeTime": {
                "All": 10,
                "Max": 10,
                "Min": 10
            },
            "Name": "",
            "Scale": {
                "Delta": -0.05000000074505806,
                "Max": 1.0,
                "Min": 0.5
            },
            "SpawnPoint": {
                "Max": [
                    2.0,
                    2.0,
                    2.0
                ],
                "Min": [
                    -2.0,
                    -2.0,
                    -2.0
                ]
            },
            "Speed": {
                "Delta": [
                    0.0,
                    0.0,
                    0.0
                ],
                "Max": [
                    0.009999999776482582,
                    0.009999999776482582,
                    0.009999999776482582
                ],
                "Min": [
                    -0.009999999776482582,
                    -0.009999999776482582,
                    -0.009999999776482582
                ]
            },
            "Texture": "./Resources/particle\\particle3.png"
        }
    }
}
