{
    "marParticle": {
        "ParticleData": {
            "Color": {
                "End": [
                    1.0,
                    1.0,
                    1.0,
                    1.0
                ],
                "Start": [
                    1.0,
                    1.0,
                    1.0,
                    1.0
                ]
            },
            "Instance": 128,
            "IsLoop": true,
            "LifeTime": {
                "All": 120,
                "Max": 100,
                "Min": 30
            },
            "Name": "",
            "Scale": {
                "Delta": -0.009999999776482582,
                "Max": 0.800000011920929,
                "Min": 0.41999998688697815
            },
            "SpawnPoint": {
                "Max": [
                    18.1200008392334,
                    14.1899995803833,
                    1.0
                ],
                "Min": [
                    -1.0,
                    -1.0,
                    -1.0
                ]
            },
            "Speed": {
                "Delta": [
                    0.0,
                    0.0,
                    0.0
                ],
                "Max": [
                    0.009999999776482582,
                    0.009999999776482582,
                    0.009999999776482582
                ],
                "Min": [
                    -0.009999999776482582,
                    -0.009999999776482582,
                    -0.009999999776482582
                ]
            },
            "Texture": "./Resources/particle\\particle2.png"
        }
    }
}
