{
    "marParticle": {
        "ParticleData": {
            "Color": {
                "End": [
                    1.0,
                    1.0,
                    1.0,
                    0.0
                ],
                "MaxStart": [
                    1.0,
                    1.0,
                    1.0,
                    0.5
                ],
                "MinStart": [
                    0.5,
                    0.5299999713897705,
                    0.5199999809265137,
                    0.10000000149011612
                ]
            },
            "Instance": 128,
            "IsLoop": true,
            "LifeTime": {
                "All": 120,
                "Max": 91,
                "Min": 60
            },
            "Name": "",
            "Scale": {
                "Delta": 0.05000000074505806,
                "Max": 3.0199999809265137,
                "Min": 0.5799999833106995
            },
            "SpawnPoint": {
                "Max": [
                    100.0,
                    50.0,
                    100.0
                ],
                "Min": [
                    -100.0,
                    -50.0,
                    -100.0
                ]
            },
            "Speed": {
                "Delta": [
                    0.0,
                    0.0,
                    0.0
                ],
                "Max": [
                    0.009999999776482582,
                    0.009999999776482582,
                    0.009999999776482582
                ],
                "Min": [
                    -0.009999999776482582,
                    -0.009999999776482582,
                    -0.009999999776482582
                ]
            },
            "Texture": "./Resources/particle\\particle6.png"
        }
    }
}
