{
    "marParticle": {
        "ParticleData": {
            "Color": {
                "End": [
                    1.0,
                    1.0,
                    1.0,
                    1.0
                ],
                "Start": [
                    1.0,
                    1.0,
                    1.0,
                    1.0
                ]
            },
            "Instance": 52,
            "IsLoop": false,
            "LifeTime": {
                "All": 26,
                "Max": 20,
                "Min": 14
            },
            "Name": "",
            "Scale": {
                "Delta": -0.05000000074505806,
                "Max": 0.6399999856948853,
                "Min": 0.5600000023841858
            },
            "SpawnPoint": {
                "Max": [
                    1.0,
                    1.0,
                    1.0
                ],
                "Min": [
                    -1.0,
                    -1.0,
                    -1.0
                ]
            },
            "Speed": {
                "Delta": [
                    0.0,
                    -0.029999999329447746,
                    0.0
                ],
                "Max": [
                    0.550000011920929,
                    0.5099999904632568,
                    0.3400000035762787
                ],
                "Min": [
                    -0.4000000059604645,
                    -0.009999999776482582,
                    -0.3199999928474426
                ]
            },
            "Texture": "./Resources/particle\\particle4.png"
        }
    }
}
