{
    "marParticle": {
        "ParticleData": {
            "Color": {
                "End": [
                    1.0,
                    1.0,
                    1.0,
                    0.0
                ],
                "Start": [
                    1.0,
                    1.0,
                    1.0,
                    1.0
                ]
            },
            "Instance": 64,
            "IsLoop": false,
            "LifeTime": {
                "All": 45,
                "Max": 31,
                "Min": 19
            },
            "Name": "",
            "Scale": {
                "Delta": -0.009999999776482582,
                "Max": 0.44999998807907104,
                "Min": 0.3100000023841858
            },
            "SpawnPoint": {
                "Max": [
                    0.3400000035762787,
                    0.28999999165534973,
                    1.0
                ],
                "Min": [
                    -0.3100000023841858,
                    0.09000000357627869,
                    -0.7900000214576721
                ]
            },
            "Speed": {
                "Delta": [
                    0.0,
                    0.05999999865889549,
                    -0.05000000074505806
                ],
                "Max": [
                    0.009999999776482582,
                    0.9200000166893005,
                    0.009999999776482582
                ],
                "Min": [
                    -0.009999999776482582,
                    0.47999998927116394,
                    -0.009999999776482582
                ]
            },
            "Texture": "./Resources/particle\\particle4.png"
        }
    }
}
