{
    "marScene": {
        "objectData": {
            "block": {
                "color": 0,
                "position": [
                    15.0,
                    -2.0,
                    0.0
                ],
                "quaternion": [
                    0.0,
                    0.0,
                    0.0,
                    1.0
                ],
                "scale": [
                    20.0,
                    1.0,
                    10.0
                ],
                "tag": "block"
            },
            "block1": {
                "color": 0,
                "position": [
                    15.0,
                    0.0,
                    0.0
                ],
                "quaternion": [
                    0.0,
                    0.0,
                    0.0,
                    1.0
                ],
                "scale": [
                    20.0,
                    1.0,
                    1.0
                ],
                "tag": "block"
            },
            "copyCat": {
                "color": 0,
                "position": [
                    0.0,
                    -0.0028460812754929066,
                    5.0
                ],
                "quaternion": [
                    -0.7068251967430115,
                    0.0,
                    0.0,
                    0.7073882222175598
                ],
                "scale": [
                    1.0,
                    0.9998276829719543,
                    0.9998276829719543
                ],
                "tag": "copyCat"
            },
            "enemy": {
                "color": 0,
                "position": [
                    16.001239776611328,
                    0.0,
                    8.0
                ],
                "quaternion": [
                    0.0,
                    0.0,
                    0.0,
                    1.0
                ],
                "scale": [
                    1.0,
                    1.0,
                    1.0
                ],
                "tag": "enemy"
            },
            "enemy1": {
                "color": 0,
                "position": [
                    8.19173526763916,
                    0.0,
                    4.0
                ],
                "quaternion": [
                    0.0,
                    0.0,
                    0.0,
                    1.0
                ],
                "scale": [
                    1.0,
                    1.0,
                    1.0
                ],
                "tag": "enemy"
            },
            "enemy2": {
                "color": 0,
                "position": [
                    21.972379684448242,
                    0.0,
                    4.0
                ],
                "quaternion": [
                    0.0,
                    0.0,
                    0.0,
                    1.0
                ],
                "scale": [
                    1.0,
                    1.0,
                    1.0
                ],
                "tag": "enemy"
            },
            "enemy3": {
                "color": 1,
                "position": [
                    11.829809188842773,
                    0.0,
                    -3.0
                ],
                "quaternion": [
                    0.0,
                    0.0,
                    0.0,
                    1.0
                ],
                "scale": [
                    1.0,
                    1.0,
                    1.0
                ],
                "tag": "enemy"
            },
            "enemy4": {
                "color": 1,
                "position": [
                    11.829809188842773,
                    0.0,
                    -9.0
                ],
                "quaternion": [
                    0.0,
                    0.0,
                    0.0,
                    1.0
                ],
                "scale": [
                    1.0,
                    1.0,
                    1.0
                ],
                "tag": "enemy"
            },
            "enemy5": {
                "color": 1,
                "position": [
                    11.829809188842773,
                    0.0,
                    -6.0
                ],
                "quaternion": [
                    0.0,
                    0.0,
                    0.0,
                    1.0
                ],
                "scale": [
                    1.0,
                    1.0,
                    1.0
                ],
                "tag": "enemy"
            },
            "goal": {
                "color": 0,
                "position": [
                    30.0,
                    0.0,
                    -5.0
                ],
                "quaternion": [
                    0.0,
                    0.0,
                    0.0,
                    1.0
                ],
                "scale": [
                    1.0,
                    1.0,
                    1.0
                ],
                "tag": "goal"
            },
            "player": {
                "color": 0,
                "position": [
                    0.0,
                    0.003794281743466854,
                    -5.0
                ],
                "quaternion": [
                    -0.7068251967430115,
                    0.0,
                    0.0,
                    0.7073882222175598
                ],
                "scale": [
                    1.0,
                    0.9998276829719543,
                    0.9998276829719543
                ],
                "tag": "player"
            },
            "paint": {
                "color": 0,
                "position": [
                    16.012266159057617,
                    0.0,
                    4.011785984039307
                ],
                "quaternion": [
                    0.0,
                    0.0,
                    0.0,
                    1.0
                ],
                "scale": [
                    1.0,
                    1.0,
                    1.0
                ],
                "tag": "paint"
            },
            "paint1": {
                "color": 0,
                "position": [
                    8.098243713378906,
                    0.0,
                    7.887191295623779
                ],
                "quaternion": [
                    0.0,
                    0.0,
                    0.0,
                    1.0
                ],
                "scale": [
                    1.0,
                    1.0,
                    1.0
                ],
                "tag": "paint"
            },
            "paint2": {
                "color": 0,
                "position": [
                    22.081470489501953,
                    0.0,
                    7.887191295623779
                ],
                "quaternion": [
                    0.0,
                    0.0,
                    0.0,
                    1.0
                ],
                "scale": [
                    1.0,
                    1.0,
                    1.0
                ],
                "tag": "paint"
            }
        }
    }
}
