{
    "BulletParameters": {
        "BulletDamege": 10,
        "EndDistance": 0.22499999403953552,
        "EndScale": [
            0.03999999910593033,
            0.03999999910593033,
            1.0
        ],
        "EndTranslate": [
            0.0,
            -0.18000000715255737,
            -9.0
        ],
        "StartDistance": 1.7000000476837158,
        "StartScale": [
            0.20000000298023224,
            0.20000000298023224,
            1.0
        ],
        "StartTranslate": [
            0.0,
            0.0,
            0.0
        ]
    }
}
